{
  "42": 0.8183595996779017,
  "2024": 0.8174393189922926,
  "7": 0.8157137927067756,
  "1337": 0.8150235821925688,
  "88": 0.814333371678362
}