{
  "blend_weight_first": 0.30000000000000004,
  "blend_weight_second": 0.7,
  "oof_best_threshold": 0.45500000000000007,
  "oof_best_accuracy": 0.8184746347636029,
  "oof_logloss": 0.37558347271187253,
  "oof_auc": 0.9070475097493155
}
