{
  "summary_type": "train_only",
  "mode": "final_train",
  "train_accuracy": 0.8851949844702635,
  "train_auc": 0.959278749165611,
  "train_f1": 0.8862807657247037,
  "train_precision": 0.8842655752614825,
  "train_recall": 0.8883051621745089,
  "train_logloss": 0.2743511603569907,
  "train_positive_rate_observed": 0.5036236051995858,
  "train_positive_rate_predicted": 0.5059243069136087,
  "n_train_samples": 8693,
  "n_test_samples": 4277,
  "categorical_feature_count": 14
}